{"stats":{"minecraft:dropped":{"minecraft:wheat_seeds":29,"byg:white_anemone":4,"simplefarming:mango":2,"byg:winter_succulent":3,"minecraft:stick":34,"minecraft:flint":4,"terraincognita:white_rhododendron":2,"byg:crocus":1,"terraincognita:dwarf_fireweed":2,"byg:cika_planks":7,"notreepunching:flint_shard":6,"ftbquests:book":1,"simplefarming:squash_seeds":1},"minecraft:killed_by":{"alexsmobs:crocodile":1,"minecraft:creeper":1},"minecraft:used":{"notreepunching:macuahuitl":82,"natural-progression:bone_knife":234,"minecraft:chest":5,"minecraft:rotten_flesh":20,"notreepunching:flint_knife":114,"minecraft:sand":3,"minecraft:dirt":43,"terraincognita:fiddlehead":2,"minecraft:crafting_table":3,"notreepunching:flint_axe":31,"natural-progression:granite_pebble":1,"minecraft:cooked_porkchop":2,"minecraft:cooked_beef":1,"byg:cika_planks":118,"minecraft:coarse_dirt":2,"natural-progression:stone_pebble":1},"minecraft:custom":{"minecraft:interact_with_furnace":6,"minecraft:mob_kills":19,"minecraft:interact_with_crafting_table":333,"minecraft:interact_with_loom":2,"minecraft:play_one_minute":133342,"minecraft:bell_ring":6,"minecraft:interact_with_campfire":4,"minecraft:leave_game":1,"minecraft:time_since_death":31767,"minecraft:climb_one_cm":3554,"minecraft:waystone_activated":1,"minecraft:time_since_rest":31811,"minecraft:sprint_one_cm":206011,"minecraft:damage_taken":1872,"minecraft:walk_one_cm":391827,"minecraft:drop":30,"minecraft:damage_dealt":3414,"minecraft:swim_one_cm":29644,"minecraft:talked_to_villager":9,"minecraft:fly_one_cm":170942,"minecraft:open_chest":71,"minecraft:crouch_one_cm":3087,"minecraft:deaths":2,"minecraft:sneak_time":593,"minecraft:walk_under_water_one_cm":32313,"minecraft:jump":1545,"minecraft:walk_on_water_one_cm":40530,"minecraft:fall_one_cm":26235},"minecraft:picked_up":{"minecraft:wheat":9,"terraincognita:dwarf_fireweed":3,"minecraft:crafting_table":1,"minecraft:coarse_dirt":10,"minecraft:cooked_beef":1,"simplefarming:soybean_seeds":1,"productivebees:slimy_nest":2,"terraincognita:small_lilypad":6,"minecraft:brown_bed":1,"alexsmobs:crocodile_chestplate":1,"natural-progression:andesite_pebble":14,"byg:wood_blewit":2,"minecraft:flint":6,"minecraft:lily_pad":1,"terraincognita:cattail":13,"byg:white_anemone":5,"minecraft:gunpowder":1,"minecraft:red_bed":1,"byg:crocus":21,"simplefarming:mango":2,"minecraft:dirt":65,"simplefarming:zucchini_seeds":2,"vanillafoodpantry:hocks_raw":2,"byg:winter_succulent":3,"terraincognita:white_rhododendron":2,"minecraft:bone":5,"minecraft:wheat_seeds":89,"minecraft:gold_nugget":15,"simplefarming:lettuce_seeds":1,"terraincognita:reeds":1,"ftbquests:book":1,"quark:tallow":3,"betterdefaultbiomes:tall_water_reeds":1,"notreepunching:plant_fiber":4,"minecraft:sugar_cane":3,"minecraft:chest":5,"natural-progression:stone_pebble":54,"vanillafoodpantry:red_flint":3,"notreepunching:flint_axe":1,"notreepunching:flint_shard":45,"productivebees:sugar_cane_nest":1,"minecraft:stick":55,"simplefarming:rice_seeds":1,"minecraft:cooked_porkchop":4,"minecraft:pumpkin":2,"minecraft:sweet_berries":2,"minecraft:gravel":39,"minecraft:sand":3,"minecraft:porkchop":4,"simplefarming:raspberries":32,"byg:cika_planks":50,"simplefarming:squash_seeds":2,"byg:cika_log":15,"minecraft:redstone":1,"simplefarming:eggplant_seeds":1,"betterdefaultbiomes:blue_poppy":1,"joshxmas:peppermint_seeds":1,"minecraft:pumpkin_seeds":1,"minecraft:arrow":3,"minecraft:rotten_flesh":12,"minecraft:hay_block":13,"immersiveengineering:seed":3,"minecraft:beetroot_seeds":1,"natural-progression:granite_pebble":1,"terraincognita:fiddlehead":16,"byg:violet_leather_flower":1,"minecraft:emerald":1,"minecraft:oak_sapling":1},"minecraft:crafted":{"notreepunching:fire_starter":1,"notreepunching:macuahuitl":5,"minecraft:crafting_table":1,"notreepunching:plant_fiber":11,"byg:cika_planks":90,"natural-progression:basic_saw":1,"notreepunching:flint_axe":1,"immersiveengineering:wooden_grip":1,"notreepunching:plant_string":3,"notreepunching:flint_knife":3},"minecraft:broken":{"notreepunching:flint_knife":1,"notreepunching:macuahuitl":1,"natural-progression:bone_knife":1},"minecraft:killed":{"minecraft:pig":1,"alexsmobs:raccoon":1,"minecraft:spider":1,"minecraft:skeleton":3,"minecraft:pillager":1,"alexsmobs:crocodile":1,"minecraft:zombie":6,"minecraft:drowned":2},"minecraft:mined":{"betterdefaultbiomes:tall_water_reeds":2,"terraincognita:dwarf_fireweed":2,"minecraft:red_bed":1,"byg:wilted_grass":3,"byg:cika_planks":4,"byg:cattail":2,"minecraft:crafting_table":1,"minecraft:grass_block":25,"minecraft:chest":1,"productivebees:slimy_nest":2,"byg:cika_log":10,"minecraft:tall_grass":1,"betterdefaultbiomes:short_grass":28,"minecraft:lily_pad":1,"minecraft:sugar_cane":1,"byg:winter_succulent":2,"minecraft:hay_block":13,"minecraft:seagrass":1,"betterdefaultbiomes:dead_grass":8,"minecraft:coarse_dirt":1,"byg:crocus":12,"minecraft:wheat":11,"terraincognita:small_lilypad":2,"minecraft:sweet_berry_bush":5,"byg:short_grass":60,"terraincognita:white_rhododendron":2,"minecraft:pumpkin":1,"minecraft:brown_bed":1,"minecraft:grass":41,"betterdefaultbiomes:feather_reed_grass":2,"minecraft:sand":3,"minecraft:gravel":48,"minecraft:dirt":10,"byg:white_anemone":4,"minecraft:oak_leaves":1,"minecraft:fern":82}},"DataVersion":2586}