{"stats":{"minecraft:used":{"simplefarming:apple_pie":1,"natural-progression:bone_knife":32,"simplefarming:barley_bread":6,"natural-progression:andesite_pebble":2},"minecraft:picked_up":{"minecraft:stick":12,"minecraft:arrow":1,"minecraft:bone":1,"minecraft:rotten_flesh":4,"minecraft:pumpkin":3,"minecraft:wheat_seeds":1,"terraincognita:fiddlehead":1,"natural-progression:andesite_pebble":8,"byg:crocus":2,"natural-progression:stone_pebble":17},"minecraft:custom":{"minecraft:time_since_rest":40552,"minecraft:play_one_minute":40552,"minecraft:sprint_one_cm":33851,"minecraft:damage_taken":611,"minecraft:walk_one_cm":40886,"minecraft:sneak_time":23,"minecraft:walk_under_water_one_cm":658,"minecraft:mob_kills":5,"minecraft:jump":259,"minecraft:damage_dealt":1039,"minecraft:leave_game":3,"minecraft:time_since_death":40552,"minecraft:walk_on_water_one_cm":1792,"minecraft:swim_one_cm":3808,"minecraft:fly_one_cm":32799,"minecraft:fall_one_cm":5920},"minecraft:killed":{"minecraft:skeleton":1,"minecraft:zombie":4},"minecraft:mined":{"natural-progression:twigs":10,"betterdefaultbiomes:dead_grass":2,"natural-progression:stone_pebble":1,"minecraft:sweet_berry_bush":2,"betterdefaultbiomes:short_grass":5,"byg:short_grass":3,"minecraft:pumpkin":2,"byg:winter_succulent":1,"minecraft:fern":3}},"DataVersion":2586}