{"stats":{"minecraft:dropped":{"minecraft:iron_sword":3,"alexsmobs:straddlite":1,"notreepunching:flint_knife":1,"minecraft:lapis_lazuli":28,"vanillafoodpantry:oak_acorn":2,"terraincognita:fiddlehead":7,"minecraft:gold_block":10,"minecraft:dirt":2,"constructionwand:diamond_wand":1,"minecraft:yellow_dye":16,"minecraft:gold_nugget":93,"ftbquests:book":1,"spareparts:coins/stone_coin":1,"minecraft:ancient_debris":2,"minecraft:iron_nugget":2,"pamhc2foodcore:hotchocolateitem":1,"minecraft:rotten_flesh":2,"minecraft:oak_planks":18,"minecraft:glowstone_dust":83,"quark:cooked_frog_leg":2,"minecraft:cooked_mutton":7,"waterstrainer:worm_bin":1,"minecraft:chest":4,"minecraft:basalt":1650,"minecraft:iron_bars":28,"notreepunching:flint_shard":4,"minecraft:netherrack":110,"minecraft:enchanted_book":1,"minecraft:iron_ingot":12,"minecraft:bread":45,"simplefarming:barley_bread":1,"notreepunching:iron_mattock":1,"ironchest:gold_chest":1,"minecraft:cobblestone":294,"notreepunching:flint_axe":2,"pamhc2foodcore:pumpkinbreaditem":1,"minecraft:coal":64,"minecraft:iron_block":1,"minecraft:blue_dye":32,"minecraft:torch":122,"minecraft:potion":2,"byg:cika_planks":40,"byg:willow_log":1,"minecraft:bucket":4,"minecraft:sweet_berries":45,"solpotato:lunchbag":2,"simplefarming:mango":7,"immersiveengineering:hammer":1,"vanillafoodpantry:squidd_cooked":1,"minecraft:diamond_sword":4,"minecraft:shield":1,"immersiveengineering:treated_wood_horizontal":64,"minecraft:diamond_chestplate":1,"minecraft:diamond_pickaxe":5,"minecraft:magma_cream":9,"natural-progression:bone_knife":2},"minecraft:killed_by":{"alexsmobs:straddler":7,"minecraft:magma_cube":1,"minecraft:zombie":1,"minecraft:player":1},"minecraft:used":{"minecraft:iron_shovel":250,"engineersdecor:treated_wood_broad_windowsill":1,"byg:cika_log":9,"minecraft:chest":5,"minecraft:shield":1,"minecraft:iron_sword":231,"minecraft:rotten_flesh":3,"immersiveengineering:craftingtable":1,"simplefarming:blueberries":2,"immersiveengineering:cokebrick":27,"simplefarming:raspberries":52,"notreepunching:flint_hoe":27,"waterstrainer:worm_bin":2,"minecraft:sweet_berries":132,"minecraft:furnace":2,"minecraft:oak_sapling":2,"betterdefaultbiomes:yellow_mushroom":1,"minecraft:damaged_anvil":1,"minecraft:blackstone":42,"minecraft:cookie":1,"minecraft:sand":2,"terraincognita:fiddlehead":29,"simplefarming:barley_bread":5,"charm:kiln":1,"minecraft:blast_furnace":2,"immersiveengineering:hammer":1,"minecraft:bread":7,"minecraft:gravel":9,"simplefarming:apple_pie":1,"minecraft:diamond_sword":129,"byg:cika_fence":1,"minecraft:netherrack":649,"minecraft:torch":11,"minecraft:dirt":559,"engineersdecor:metal_crafting_table":1,"minecraft:bookshelf":3,"immersiveengineering:workbench":1,"simplefarming:pasta":6,"minecraft:basalt":960,"terraincognita:small_lilypad":2,"minecraft:cooked_beef":8,"natural-progression:stone_pebble":3,"natural-progression:andesite_pebble":4,"waterstrainer:strainer_base":1,"minecraft:wheat_seeds":20,"minecraft:cooked_mutton":6,"natural-progression:bone_knife":152,"ironchest:wood_to_copper_chest_upgrade":1,"notreepunching:flint_knife":180,"simplefarming:peanut_butter_cookie":1,"notreepunching:iron_mattock":1,"notreepunching:flint_axe":139,"minecraft:diamond_pickaxe":2710,"minecraft:apple":1,"minecraft:acacia_sign":1,"minecraft:iron_pickaxe":1246,"minecraft:potion":1,"minecraft:cobblestone":43},"minecraft:custom":{"minecraft:interact_with_crafting_table":46,"minecraft:leave_game":6,"minecraft:time_since_death":2374,"minecraft:sprint_one_cm":535059,"minecraft:damage_blocked_by_shield":31,"minecraft:drop":184,"minecraft:deaths":18,"minecraft:jump":3581,"minecraft:walk_on_water_one_cm":63873,"minecraft:enchant_item":7,"minecraft:interact_with_furnace":8,"minecraft:play_one_minute":421460,"minecraft:sleep_in_bed":4,"minecraft:damage_dealt":8867,"minecraft:crouch_one_cm":66597,"minecraft:mob_kills":72,"minecraft:interact_with_anvil":2,"minecraft:interact_with_campfire":36,"minecraft:climb_one_cm":16890,"minecraft:walk_one_cm":1125901,"minecraft:sneak_time":21063,"minecraft:walk_under_water_one_cm":52375,"minecraft:interact_with_blast_furnace":2,"minecraft:time_since_rest":2440,"minecraft:damage_taken":10893,"minecraft:damage_absorbed":234,"minecraft:swim_one_cm":5029,"minecraft:fly_one_cm":332011,"minecraft:open_chest":422,"minecraft:fall_one_cm":104272},"minecraft:picked_up":{"terraincognita:dwarf_fireweed":3,"vanillafoodpantry:squidd_raw":2,"minecraft:diamond_sword":3,"minecraft:enchanted_book":6,"minecraft:potion":1,"simplefarming:potato_seeds":1,"betterdefaultbiomes:white_mushroom":2,"byg:crocus":5,"immersiveengineering:nugget_steel":1,"minecraft:string":1,"minecraft:iron_leggings":2,"byg:winter_succulent":16,"minecraft:beetroot_soup":1,"betterdefaultbiomes:swamp_willow_sapling":2,"minecraft:gold_nugget":19,"minecraft:bucket":1,"minecraft:red_dye":16,"minecraft:iron_pickaxe":2,"natural-progression:stone_pebble":46,"notreepunching:flint_axe":2,"minecraft:furnace":2,"minecraft:iron_boots":2,"notreepunching:flint_shard":18,"vanillafoodpantry:red_flint":1,"minecraft:stick":46,"byg:reeds":1,"vanillafoodpantry:rock_salt_crystals":5,"vanillafoodpantry:wolf_raw":2,"minecraft:torch":7,"simplefarming:raspberries":37,"simplefarming:carrot_seeds":1,"byg:cattail":8,"minecraft:rotten_flesh":8,"minecraft:blue_dye":16,"waterstrainer:worm_bin":2,"minecraft:iron_bars":14,"waterstrainer:worm":1,"minecraft:cobblestone":256,"betterdefaultbiomes:starfish_pink":1,"vanillafoodpantry:squidd_cooked":2,"minecraft:enchanting_table":1,"minecraft:cooked_beef":13,"minecraft:lapis_lazuli":8,"minecraft:dirt":609,"betterdefaultbiomes:gray_mushroom":4,"simplefarming:pasta":14,"simplefarming:cucumber_seeds":1,"minecraft:bone":2,"minecraft:wheat_seeds":61,"simplefarming:kenaf_seeds":1,"ftbquests:book":1,"betterdefaultbiomes:tall_water_reeds":13,"simplefarming:tomato_seeds":1,"betterdefaultbiomes:dark_violet":1,"minecraft:oak_planks":18,"ironchest:wood_to_copper_chest_upgrade":1,"cavesandcliffs:copper_ore":9,"natural-progression:netherrack_pebble":4,"simplefarming:peanut_seeds":1,"simplefarming:corn_seeds":1,"fins:flatback_sucker":1,"betterdefaultbiomes:seashell":1,"patchouli:guide_book":1,"minecraft:sand":220,"minecraft:ink_sac":1,"byg:cika_log":93,"byg:pink_orchid":1,"vanillafoodpantry:small_bone":3,"minecraft:bone_meal":33,"solpotato:lunchbag":3,"minecraft:cyan_dye":16,"aquaculture:box":1,"minecraft:oak_sapling":8,"minecraft:netherrack":929,"minecraft:bricks":12,"minecraft:diamond_pickaxe":8,"minecraft:coarse_dirt":5,"simplefarming:pea_seeds":1,"betterdefaultbiomes:starfish_white":1,"minecraft:shield":1,"minecraft:brick":4,"simplefarming:chili":5,"immersiveengineering:manual":1,"simplefarming:mango":16,"immersiveengineering:ore_copper":8,"terraincognita:white_rhododendron":1,"minecraft:blue_orchid":2,"minecraft:blackstone":304,"betterdefaultbiomes:yellow_mushroom":7,"immersiveengineering:treated_fence":2,"minecraft:iron_nugget":5,"notreepunching:plant_fiber":9,"simplefarming:barley_seeds":1,"minecraft:stone":38,"simplefarming:cantaloupe_seeds":1,"notreepunching:iron_mattock":1,"alexsmobs:straddlite":4,"pamhc2foodcore:pumpkinbreaditem":1,"natural-progression:bone_knife":1,"minecraft:cake":1,"minecraft:brown_dye":16,"betterdefaultbiomes:blue_poppy":1,"minecraft:arrow":1,"simplefarming:ginger_seeds":1,"terraincognita:forget_me_not":11,"minecraft:basalt":3073,"minecraft:leather":2,"terraincognita:small_lilypad":180,"natural-progression:andesite_pebble":7,"minecraft:ancient_debris":3,"minecraft:lily_pad":68,"minecraft:oak_log":5,"terraincognita:cattail":13,"byg:purple_orchid":1,"byg:white_anemone":1,"pamhc2foodcore:basicfishsandwichitem":4,"immersiveengineering:treated_wood_horizontal":64,"minecraft:paper":10,"minecraft:cooked_mutton":20,"immersiveengineering:cokebrick":27,"minecraft:kelp":19,"simplefarming:honeydew_seeds":1,"terraincognita:reeds":1,"minecraft:iron_ingot":28,"minecraft:iron_sword":3,"byg:willow_log":21,"minecraft:book":3,"terraincognita:berry_sorbet":1,"simplefarming:rice_seeds":1,"byg:peach_leather_flower":13,"minecraft:pumpkin":35,"minecraft:sweet_berries":189,"minecraft:quartz":8,"minecraft:gravel":34,"simplefarming:blueberries":7,"natural-progression:sandstone_pebble":3,"minecraft:blast_furnace":2,"betterdefaultbiomes:starfish_magenta":1,"vanillafoodpantry:oak_acorn":10,"minecraft:pumpkin_seeds":2,"notreepunching:flint_knife":1,"simplefarming:sweet_potato_seeds":2,"immersiveengineering:seed":17,"pamhc2foodcore:toastitem":1,"minecraft:iron_helmet":3,"terraincognita:fiddlehead":24,"byg:violet_leather_flower":3,"minecraft:damaged_anvil":1,"minecraft:melon_seeds":1,"charm:kiln":1,"minecraft:coal":102,"immersiveengineering:hammer":1},"minecraft:crafted":{"immersiveengineering:hammer":1,"minecraft:bookshelf":3,"immersiveengineering:workbench":1,"minecraft:iron_bars":16,"minecraft:hopper":1,"waterstrainer:worm_bin":1,"minecraft:iron_boots":1,"engineersdecor:metal_crafting_table":1,"minecraft:chest":9,"minecraft:oak_slab":6,"minecraft:crafting_table":3,"minecraft:iron_helmet":1,"immersiveengineering:slab_treated_wood_horizontal":12,"waterstrainer:strainer_base":1,"byg:cika_planks":70,"minecraft:iron_chestplate":1,"minecraft:iron_pickaxe":1,"immersiveengineering:stick_treated":10,"immersiveengineering:slab_treated_wood_vertical":12,"minecraft:composter":3,"solpotato:lunchbag":1,"notreepunching:flint_hoe":1,"minecraft:bone_meal":3,"waterstrainer:strainer_survivalist":1,"waterstrainer:string_mesh":1,"immersiveengineering:treated_fence":3,"notreepunching:flint_knife":3,"ironchest:gold_chest":1,"solpotato:food_book":1,"byg:cika_fence":6,"minecraft:diamond_sword":2,"minecraft:iron_sword":1,"minecraft:bread":64,"minecraft:acacia_sign":3,"minecraft:iron_shovel":5,"minecraft:iron_leggings":1,"immersiveengineering:plate_iron":64,"notreepunching:flint_axe":5,"notreepunching:plant_string":1,"immersiveengineering:craftingtable":2,"ironchest:iron_chest":1},"minecraft:killed":{"minecraft:skeleton":1,"alexsmobs:straddler":20,"minecraft:magma_cube":12,"alexsmobs:stradpole":15,"minecraft:zombie":3,"quark:foxhound":3,"minecraft:squid":1},"minecraft:broken":{"minecraft:iron_shovel":1,"notreepunching:flint_knife":3,"notreepunching:flint_axe":3,"minecraft:iron_chestplate":1,"minecraft:iron_pickaxe":2},"minecraft:mined":{"terraincognita:dwarf_fireweed":2,"byg:cattail":8,"terraincognita:forget_me_not":11,"minecraft:grass_block":288,"byg:willow_log":20,"byg:winter_succulent":15,"byg:peach_leather_flower":13,"minecraft:tall_seagrass":4,"natural-progression:andesite_pebble":3,"terraincognita:white_rhododendron":1,"minecraft:pumpkin":38,"minecraft:enchanting_table":1,"natural-progression:twigs":1,"minecraft:blue_orchid":2,"waterstrainer:worm_bin":1,"betterdefaultbiomes:tall_water_reeds":14,"minecraft:blackstone":556,"betterdefaultbiomes:white_mushroom":2,"minecraft:kelp_plant":11,"minecraft:torch":4,"minecraft:blast_furnace":2,"betterdefaultbiomes:starfish_magenta":1,"natural-progression:stone_pebble":7,"byg:cika_log":99,"minecraft:nether_quartz_ore":8,"minecraft:cobblestone":37,"betterdefaultbiomes:swamp_willow_sapling":1,"minecraft:damaged_anvil":1,"minecraft:wall_torch":2,"natural-progression:sandstone_pebble":1,"minecraft:seagrass":14,"terraincognita:hanging_moss":1,"minecraft:wheat":1,"terraincognita:small_lilypad":59,"cavesandcliffs:copper_ore":9,"minecraft:grass":128,"minecraft:oak_log":5,"minecraft:sand":220,"minecraft:dirt":214,"byg:pink_orchid":1,"minecraft:netherrack":1189,"minecraft:oak_leaves":3,"minecraft:nether_gold_ore":5,"terraincognita:caribou_moss":1,"immersiveengineering:ore_copper":8,"minecraft:dark_oak_leaves":1,"betterdefaultbiomes:yellow_mushroom":7,"betterdefaultbiomes:short_grass":64,"minecraft:kelp":2,"byg:crocus":7,"minecraft:furnace":2,"minecraft:bookshelf":1,"byg:white_anemone":1,"minecraft:stone":9,"byg:purple_orchid":1,"minecraft:podzol":2,"betterdefaultbiomes:gray_mushroom":4,"byg:reeds":1,"betterdefaultbiomes:seashell":1,"byg:wilted_grass":75,"minecraft:basalt":2098,"betterdefaultbiomes:swamp_willow_leaves":7,"minecraft:tall_grass":24,"vanillafoodpantry:rock_salt_ore_nether":2,"minecraft:lily_pad":49,"betterdefaultbiomes:blue_poppy":1,"betterdefaultbiomes:dead_grass":29,"minecraft:coarse_dirt":4,"quark:shallow_dirt":8,"terraincognita:cattail":11,"byg:violet_leather_flower":3,"minecraft:sweet_berry_bush":28,"byg:short_grass":70,"betterdefaultbiomes:feather_reed_grass":2,"minecraft:coal_ore":24,"byg:cika_leaves":8,"minecraft:gravel":21,"charm:kiln":1,"minecraft:fern":88}},"DataVersion":2586}