{"stats":{"minecraft:dropped":{"minecraft:glass_bottle":1,"minecraft:smithing_table":1,"immersiveengineering:blueprint":2,"minecraft:cobblestone":11,"byg:cika_log":64,"minecraft:bone":2,"minecraft:ladder":7,"minecraft:stone_bricks":1,"minecraft:slime_ball":2,"notreepunching:flint_pickaxe":1,"simplefarming:chili":1,"minecraft:arrow":7},"minecraft:used":{"minecraft:oak_trapdoor":1,"ironchest:wood_to_iron_chest_upgrade":2,"minecraft:iron_shovel":70,"quark:cobbled_deepslate":12,"minecraft:ladder":16,"minecraft:chest":5,"minecraft:shield":19,"minecraft:iron_sword":181,"minecraft:torch":273,"minecraft:dirt":6,"minecraft:anvil":1,"minecraft:hopper":3,"simplefarming:chili":4,"notreepunching:flint_pickaxe":18,"simplefarming:pasta":2,"carryon:tile_item":6,"minecraft:furnace":3,"pamhc2foodcore:basicfishsandwichitem":3,"minecraft:cooked_beef":2,"natural-progression:andesite_pebble":2,"minecraft:beetroot_soup":1,"minecraft:cooked_mutton":4,"minecraft:water_bucket":36,"notreepunching:macuahuitl":11,"natural-progression:bone_knife":84,"minecraft:oak_planks":4,"charm:woodcutter":1,"byg:willow_sapling":3,"productivebees:sugar_cane_nest":3,"byg:rocky_stone":1,"minecraft:sugar_cane":3,"buildersaddition:bookshelf_oak":3,"pamhc2foodcore:hotchocolateitem":1,"minecraft:crafting_table":5,"simplefarming:barley_bread":7,"charm:kiln":4,"minecraft:blast_furnace":16,"notreepunching:iron_mattock":243,"minecraft:cake":1,"pamhc2foodcore:pumpkinbreaditem":1,"notreepunching:flint_axe":1,"minecraft:diamond_pickaxe":1137,"minecraft:iron_pickaxe":732,"simplefarming:apple_pie":1,"pamhc2foodcore:toastitem":1,"minecraft:cobblestone":74,"byg:willow_log":3,"minecraft:smithing_table":1,"minecraft:bucket":36,"buildersaddition:shelf_oak":7},"minecraft:picked_up":{"minecraft:crafting_table":3,"minecraft:anvil":1,"minecraft:smithing_table":2,"vanillafoodpantry:squidd_raw":1,"minecraft:ladder":2,"minecraft:clay_ball":13,"minecraft:oak_stairs":1,"minecraft:potion":2,"cavesandcliffs:raw_iron":528,"minecraft:enchanted_book":1,"buddycards:card.1.9":1,"immersiveengineering:nugget_steel":2,"byg:crocus":2,"simplefarming:chili":4,"minecraft:string":14,"immersiveengineering:ore_copper":9,"notreepunching:flint_pickaxe":1,"minecraft:zombie_head":1,"immersiveengineering:ore_uranium":1,"minecraft:experience_bottle":1,"simplefarming:fruit_log":3,"minecraft:iron_nugget":6,"minecraft:iron_pickaxe":1,"quark:root_item":5,"minecraft:sugar_cane":13,"minecraft:chest":2,"minecraft:phantom_membrane":6,"natural-progression:stone_pebble":19,"minecraft:furnace":1,"minecraft:stick":43,"minecraft:torch":15,"buildersaddition:bookshelf_oak":1,"minecraft:carrot":4,"minecraft:redstone":124,"minecraft:iron_horse_armor":1,"buddycards:card.1.19":1,"buddycards:luminis_crystal":41,"minecraft:arrow":23,"minecraft:rotten_flesh":28,"buddycards:card.1.11":2,"cavesandcliffs:raw_gold":134,"buddycards:card.1.22":2,"buddycards:card.1.26":1,"minecraft:saddle":1,"minecraft:gold_ingot":2,"bigreactors:yellorite_ore":4,"minecraft:obsidian":1,"minecraft:bone_block":15,"byg:rocky_stone":5,"minecraft:cobblestone":468,"buddycards:card.1.20":1,"buildersaddition:shelf_oak":5,"minecraft:cooked_beef":2,"minecraft:andesite":4,"minecraft:leather":37,"natural-progression:andesite_pebble":8,"tardis:xion_crystal":6,"minecraft:oak_log":57,"minecraft:gunpowder":13,"byg:willow_sapling":3,"minecraft:lapis_lazuli":91,"minecraft:dirt":11,"simplefarming:pasta":32,"cavesandcliffs:glow_ink_sac":1,"minecraft:name_tag":1,"tetra:scroll_rolled":1,"minecraft:bone":10,"minecraft:stone_bricks":1,"buddycards:pack.1":4,"minecraft:wheat_seeds":1,"minecraft:cobweb":4,"minecraft:glass_bottle":1,"byg:willow_log":39,"minecraft:oak_planks":61,"immersiveengineering:blueprint":2,"minecraft:book":6,"cavesandcliffs:copper_ore":4,"minecraft:ghast_tear":1,"buddycards:card.1.16":1,"cavesandcliffs:cobbled_deepslate":1,"productivebees:sugar_cane_nest":4,"minecraft:pumpkin":3,"minecraft:sand":64,"cavesandcliffs:pointed_dripstone":2,"minecraft:blast_furnace":7,"vanillafoodpantry:bat_poop":2,"spareparts:coins/stone_coin":1,"byg:cika_log":128,"minecraft:gold_ore":8,"minecraft:spider_eye":3,"buddycards:card.1.24":1,"immersiveengineering:ore_silver":12,"quark:cobbled_deepslate":12,"minecraft:firework_rocket":2,"minecraft:slime_ball":2,"minecraft:diamond":67,"pamhc2foodcore:toastitem":1,"pneumaticcraft:wheat_flour":1,"vanillafoodpantry:bat_cooked":1,"buddycards:card.1.13":1,"terraincognita:fiddlehead":1,"minecraft:golden_horse_armor":1,"minecraft:emerald":5,"buddycards:deep_luminis_crystal":1,"minecraft:oak_sapling":3,"immersiveengineering:ore_lead":8,"minecraft:damaged_anvil":1,"minecraft:coal":464,"byg:cika_sapling":1,"minecraft:hopper":2},"minecraft:custom":{"minecraft:interact_with_smithing_table":3,"minecraft:interact_with_anvil":4,"minecraft:mob_kills":73,"minecraft:inspect_hopper":1,"minecraft:interact_with_crafting_table":62,"minecraft:open_barrel":1,"minecraft:interact_with_campfire":52,"minecraft:eat_cake_slice":7,"minecraft:leave_game":6,"minecraft:time_since_death":91428,"minecraft:climb_one_cm":10591,"minecraft:sprint_one_cm":500818,"minecraft:walk_one_cm":381720,"minecraft:damage_blocked_by_shield":800,"minecraft:drop":16,"minecraft:deaths":1,"minecraft:sneak_time":3663,"minecraft:walk_under_water_one_cm":32183,"minecraft:jump":2087,"minecraft:interact_with_blast_furnace":87,"minecraft:walk_on_water_one_cm":63856,"minecraft:interact_with_furnace":19,"minecraft:play_one_minute":217120,"minecraft:sleep_in_bed":4,"minecraft:time_since_rest":9416,"minecraft:damage_taken":3543,"minecraft:damage_dealt":13783,"minecraft:swim_one_cm":24606,"minecraft:fly_one_cm":220674,"minecraft:open_chest":360,"minecraft:crouch_one_cm":11656,"minecraft:interact_with_smoker":4,"minecraft:fall_one_cm":38161},"minecraft:crafted":{"minecraft:smooth_stone":25,"minecraft:oak_planks":92,"spareparts:plates/fired_clay":59,"minecraft:cobblestone_slab":6,"minecraft:iron_nugget":9,"titanium:iron_gear":1,"akashictome:tome":4,"minecraft:furnace":34,"minecraft:blast_furnace":8,"pamhc2foodcore:rolleritem":1,"minecraft:stone":30,"immersiveengineering:ingot_copper":9,"minecraft:bookshelf":1,"notreepunching:clay_tool":2,"minecraft:oak_trapdoor":2,"byg:willow_planks":28,"minecraft:hopper":1,"minecraft:lantern":1,"immersiveengineering:ingot_silver":12,"buddycards:binder.1":1,"minecraft:ladder":28,"charm:woodcutter":1,"buildersaddition:bookshelf_oak":2,"immersiveengineering:ingot_lead":8,"minecraft:chest":5,"backpacked:backpack":1,"immersiveengineering:wooden_grip":1,"buildersaddition:shelf_oak":2,"spareparts:plates/raw_clay":59,"minecraft:oak_slab":36,"ironchest:wood_to_iron_chest_upgrade":2,"notreepunching:clay_brick":59,"minecraft:crafting_table":1,"notreepunching:iron_mattock":2,"minecraft:iron_sword":1,"minecraft:bucket":1,"ftbquests:book":1,"minecraft:air":0,"minecraft:iron_chestplate":1,"minecraft:book":4,"mining_helmet:mining_helmet":1,"minecraft:paper":12,"minecraft:diamond_pickaxe":1,"quark:oak_vertical_slab":6,"minecraft:stick":115,"natural-progression:improved_saw":1,"minecraft:iron_ingot":453,"minecraft:iron_pickaxe":2,"minecraft:sandstone":16,"minecraft:gold_ingot":144,"immersiveengineering:plate_iron":32,"minecraft:torch":224,"charm:kiln":4},"minecraft:broken":{"natural-progression:bone_knife":1,"notreepunching:flint_pickaxe":1,"minecraft:iron_pickaxe":2,"quark:forgotten_hat":1,"notreepunching:iron_mattock":1},"minecraft:killed":{"minecraft:cave_spider":3,"minecraft:witch":4,"minecraft:spider":5,"quark:toretoise":1,"minecraft:skeleton":20,"cavesandcliffs:glow_squid":1,"minecraft:zombie_villager":2,"minecraft:creeper":3,"minecraft:zombie":33},"minecraft:mined":{"minecraft:diamond_ore":54,"immersiveengineering:ore_copper":8,"cavesandcliffs:deepslate_gold_ore":71,"minecraft:obsidian":1,"quark:cobbled_deepslate":3,"minecraft:ladder":2,"minecraft:grass_block":2,"byg:willow_log":39,"betterdefaultbiomes:short_grass":5,"minecraft:hopper":2,"immersiveengineering:ore_silver":12,"byg:winter_succulent":1,"randomite:randomite_ore":4,"minecraft:chiseled_stone_bricks":1,"tardis:xion_crystal":2,"minecraft:redstone_ore":36,"minecraft:furnace":1,"minecraft:iron_ore":394,"bigreactors:yellorite_ore":5,"minecraft:andesite":1,"buildersaddition:bookshelf_oak":1,"minecraft:pumpkin":2,"minecraft:anvil":1,"natural-progression:twigs":10,"minecraft:bookshelf":2,"buildersaddition:shelf_oak":5,"minecraft:oak_stairs":1,"minecraft:iron_bars":2,"cavesandcliffs:deepslate_iron_ore":130,"byg:rocky_stone":5,"immersiveengineering:ore_lead":8,"minecraft:stone":450,"byg:willow_sapling":1,"buddycards:luminis_ore":41,"minecraft:smithing_table":1,"minecraft:crafting_table":3,"minecraft:torch":2,"minecraft:blast_furnace":7,"quark:stone_speleothem":1,"minecraft:chest":1,"natural-progression:stone_pebble":1,"byg:cika_log":128,"minecraft:cobblestone":13,"minecraft:lapis_ore":13,"minecraft:damaged_anvil":1,"minecraft:sugar_cane":12,"minecraft:wall_torch":3,"betterdefaultbiomes:dead_grass":2,"cavesandcliffs:deepslate_coal_ore":78,"cavesandcliffs:deepslate_emerald_ore":2,"minecraft:sweet_berry_bush":2,"immersiveengineering:ore_uranium":1,"byg:short_grass":3,"cavesandcliffs:deepslate_diamond_ore":22,"quark:deepslate":17,"cavesandcliffs:copper_ore":4,"minecraft:oak_log":57,"minecraft:coal_ore":406,"quark:monster_box":3,"cavesandcliffs:deepslate_redstone_ore":4,"minecraft:sand":64,"minecraft:dirt":8,"cavesandcliffs:deepslate":8,"minecraft:gold_ore":73,"minecraft:fern":3,"cavesandcliffs:pointed_dripstone":1,"quark:root":2}},"DataVersion":2586}