{"stats":{"minecraft:dropped":{"notreepunching:flint_knife":1,"simplefarming:barley_bread":1,"terraincognita:fiddlehead":7,"pamhc2foodcore:pumpkinbreaditem":1,"minecraft:dirt":2,"byg:cika_planks":40,"byg:willow_log":1,"minecraft:sweet_berries":6,"simplefarming:mango":7,"vanillafoodpantry:squidd_cooked":1,"minecraft:chest":4,"notreepunching:flint_shard":4,"natural-progression:bone_knife":2},"minecraft:killed_by":{"minecraft:zombie":1},"minecraft:used":{"byg:cika_fence":1,"byg:cika_log":9,"minecraft:chest":4,"minecraft:torch":8,"minecraft:dirt":426,"simplefarming:blueberries":1,"simplefarming:raspberries":10,"notreepunching:flint_hoe":19,"minecraft:sweet_berries":54,"minecraft:oak_sapling":2,"minecraft:cooked_beef":1,"terraincognita:small_lilypad":1,"betterdefaultbiomes:yellow_mushroom":1,"natural-progression:stone_pebble":3,"natural-progression:andesite_pebble":4,"minecraft:wheat_seeds":20,"natural-progression:bone_knife":152,"notreepunching:flint_knife":170,"minecraft:cookie":1,"terraincognita:fiddlehead":24,"simplefarming:barley_bread":5,"simplefarming:peanut_butter_cookie":1,"notreepunching:flint_axe":139,"minecraft:apple":1,"minecraft:gravel":9},"minecraft:custom":{"minecraft:mob_kills":7,"minecraft:interact_with_crafting_table":13,"minecraft:interact_with_campfire":5,"minecraft:leave_game":5,"minecraft:time_since_death":125239,"minecraft:climb_one_cm":3135,"minecraft:sprint_one_cm":151085,"minecraft:walk_one_cm":312651,"minecraft:drop":29,"minecraft:deaths":1,"minecraft:sneak_time":937,"minecraft:walk_under_water_one_cm":19986,"minecraft:jump":1217,"minecraft:walk_on_water_one_cm":29940,"minecraft:interact_with_furnace":3,"minecraft:play_one_minute":145926,"minecraft:time_since_rest":126349,"minecraft:damage_taken":2368,"minecraft:damage_dealt":1801,"minecraft:swim_one_cm":1051,"minecraft:fly_one_cm":111017,"minecraft:open_chest":98,"minecraft:crouch_one_cm":1474,"minecraft:fall_one_cm":23349},"minecraft:picked_up":{"terraincognita:dwarf_fireweed":3,"simplefarming:pea_seeds":1,"minecraft:coarse_dirt":5,"vanillafoodpantry:squidd_raw":2,"simplefarming:potato_seeds":1,"betterdefaultbiomes:white_mushroom":2,"minecraft:brick":4,"byg:crocus":5,"simplefarming:mango":7,"minecraft:string":1,"byg:winter_succulent":16,"terraincognita:white_rhododendron":1,"minecraft:blue_orchid":2,"betterdefaultbiomes:yellow_mushroom":7,"notreepunching:plant_fiber":9,"simplefarming:barley_seeds":1,"natural-progression:stone_pebble":44,"notreepunching:flint_shard":18,"vanillafoodpantry:red_flint":1,"minecraft:stick":34,"byg:reeds":1,"simplefarming:cantaloupe_seeds":1,"minecraft:torch":4,"natural-progression:bone_knife":1,"simplefarming:raspberries":15,"simplefarming:carrot_seeds":1,"byg:cattail":8,"betterdefaultbiomes:blue_poppy":1,"minecraft:arrow":1,"minecraft:rotten_flesh":6,"simplefarming:ginger_seeds":1,"terraincognita:forget_me_not":11,"vanillafoodpantry:squidd_cooked":1,"minecraft:cooked_beef":3,"terraincognita:small_lilypad":144,"natural-progression:andesite_pebble":7,"minecraft:oak_log":5,"terraincognita:cattail":13,"minecraft:lily_pad":68,"byg:purple_orchid":1,"byg:white_anemone":1,"minecraft:paper":3,"minecraft:dirt":475,"betterdefaultbiomes:gray_mushroom":4,"minecraft:bone":2,"minecraft:kelp":19,"minecraft:wheat_seeds":60,"simplefarming:kenaf_seeds":1,"terraincognita:reeds":1,"simplefarming:honeydew_seeds":1,"minecraft:iron_ingot":4,"betterdefaultbiomes:tall_water_reeds":13,"simplefarming:tomato_seeds":1,"betterdefaultbiomes:dark_violet":1,"byg:willow_log":21,"simplefarming:rice_seeds":1,"simplefarming:peanut_seeds":1,"simplefarming:corn_seeds":1,"fins:flatback_sucker":1,"byg:peach_leather_flower":6,"minecraft:pumpkin":35,"betterdefaultbiomes:seashell":1,"minecraft:sweet_berries":63,"minecraft:gravel":34,"simplefarming:blueberries":4,"minecraft:ink_sac":1,"byg:cika_log":93,"vanillafoodpantry:oak_acorn":7,"byg:pink_orchid":1,"minecraft:pumpkin_seeds":2,"notreepunching:flint_knife":1,"simplefarming:sweet_potato_seeds":1,"immersiveengineering:seed":15,"terraincognita:fiddlehead":24,"minecraft:bone_meal":1,"byg:violet_leather_flower":3,"minecraft:oak_sapling":6,"minecraft:melon_seeds":1,"minecraft:coal":9},"minecraft:crafted":{"notreepunching:flint_hoe":1,"minecraft:chest":8,"notreepunching:flint_knife":3,"byg:cika_fence":6,"byg:cika_planks":70,"notreepunching:flint_axe":5,"notreepunching:plant_string":1},"minecraft:killed":{"minecraft:skeleton":1,"minecraft:squid":1,"minecraft:zombie":3},"minecraft:broken":{"notreepunching:flint_knife":2,"notreepunching:flint_axe":3},"minecraft:mined":{"terraincognita:dwarf_fireweed":2,"terraincognita:caribou_moss":1,"minecraft:dark_oak_leaves":1,"byg:cattail":8,"terraincognita:forget_me_not":11,"minecraft:grass_block":272,"betterdefaultbiomes:yellow_mushroom":7,"byg:willow_log":20,"betterdefaultbiomes:short_grass":60,"minecraft:kelp":2,"byg:winter_succulent":15,"byg:peach_leather_flower":6,"minecraft:tall_seagrass":3,"byg:crocus":7,"natural-progression:andesite_pebble":3,"terraincognita:white_rhododendron":1,"minecraft:pumpkin":38,"natural-progression:twigs":1,"byg:white_anemone":1,"minecraft:blue_orchid":2,"byg:purple_orchid":1,"minecraft:podzol":2,"betterdefaultbiomes:tall_water_reeds":13,"betterdefaultbiomes:gray_mushroom":4,"byg:reeds":1,"betterdefaultbiomes:white_mushroom":2,"minecraft:kelp_plant":11,"betterdefaultbiomes:seashell":1,"byg:wilted_grass":72,"minecraft:torch":4,"natural-progression:stone_pebble":6,"byg:cika_log":99,"minecraft:tall_grass":24,"minecraft:lily_pad":49,"betterdefaultbiomes:blue_poppy":1,"minecraft:seagrass":11,"betterdefaultbiomes:dead_grass":29,"terraincognita:hanging_moss":1,"minecraft:coarse_dirt":4,"terraincognita:cattail":11,"byg:violet_leather_flower":3,"terraincognita:small_lilypad":43,"minecraft:wheat":1,"minecraft:sweet_berry_bush":5,"byg:short_grass":69,"minecraft:grass":120,"betterdefaultbiomes:feather_reed_grass":2,"minecraft:oak_log":5,"byg:cika_leaves":8,"minecraft:gravel":21,"minecraft:dirt":170,"byg:pink_orchid":1,"minecraft:oak_leaves":3,"minecraft:fern":88}},"DataVersion":2586}