{"stats":{"minecraft:dropped":{"minecraft:iron_sword":1,"byg:willow_planks":14,"minecraft:glass_bottle":2,"immersiveengineering:blueprint":2,"minecraft:dirt":1,"minecraft:bone_meal":32,"byg:cika_log":64,"minecraft:iron_pickaxe":1,"minecraft:bone":2,"immersiveengineering:cokebrick":27,"immersiveengineering:manual":3,"minecraft:ladder":7,"notreepunching:flint_pickaxe":1,"simplefarming:chili":1,"minecraft:arrow":7,"notreepunching:iron_mattock":1,"simplefarming:pasta":14,"minecraft:smithing_table":1,"minecraft:cobblestone":139,"natural-progression:stone_pebble":1,"minecraft:sweet_berries":5,"immersiveengineering:hammer":1,"immersiveengineering:treated_wood_horizontal":64,"minecraft:diamond_pickaxe":4,"minecraft:stone_bricks":1,"minecraft:slime_ball":2},"minecraft:used":{"minecraft:iron_shovel":252,"quark:cobbled_deepslate":12,"minecraft:ladder":16,"minecraft:chest":5,"minecraft:shield":20,"minecraft:iron_sword":198,"immersiveengineering:cokebrick":27,"byg:willow_planks":1,"minecraft:obsidian":13,"simplefarming:chili":4,"carryon:tile_item":11,"minecraft:furnace":6,"notreepunching:macuahuitl":11,"minecraft:oak_planks":6,"byg:willow_sapling":3,"productivebees:sugar_cane_nest":3,"minecraft:sugar_cane":3,"cavesandcliffs:cobbled_deepslate":3,"buildersaddition:bookshelf_oak":3,"simplefarming:barley_bread":7,"ironchest:copper_chest":2,"charm:kiln":4,"minecraft:blast_furnace":16,"pamhc2foodcore:pumpkinbreaditem":1,"immersiveengineering:hammer":1,"minecraft:bread":26,"ironchest:iron_to_gold_chest_upgrade":2,"pamhc2foodcore:beefjerkyitem":1,"simplefarming:apple_pie":1,"minecraft:diamond_sword":143,"minecraft:smithing_table":1,"minecraft:coarse_dirt":1,"buildersaddition:shelf_oak":7,"ironchest:wood_to_iron_chest_upgrade":4,"minecraft:oak_trapdoor":1,"minecraft:enchanting_table":2,"minecraft:flint_and_steel":5,"minecraft:torch":295,"betterdefaultbiomes:swamp_willow_sapling":1,"minecraft:dirt":9,"minecraft:anvil":1,"immersiveengineering:creosote_bucket":5,"minecraft:hopper":3,"notreepunching:flint_pickaxe":18,"simplefarming:pasta":4,"quark:cooked_frog_leg":4,"minecraft:basalt":95,"pamhc2foodcore:basicfishsandwichitem":8,"minecraft:cooked_beef":2,"natural-progression:andesite_pebble":2,"minecraft:beetroot_soup":1,"minecraft:cooked_mutton":4,"minecraft:water_bucket":58,"natural-progression:bone_knife":84,"charm:woodcutter":1,"byg:rocky_stone":1,"ironchest:wood_to_copper_chest_upgrade":1,"pamhc2foodcore:hotchocolateitem":2,"minecraft:crafting_table":5,"minecraft:white_bed":1,"notreepunching:iron_mattock":493,"minecraft:cake":1,"notreepunching:flint_axe":1,"minecraft:diamond_pickaxe":2159,"minecraft:iron_pickaxe":737,"pamhc2foodcore:toastitem":1,"minecraft:cobblestone":236,"minecraft:potion":2,"byg:willow_log":4,"minecraft:bucket":63,"alexsmobs:animal_dictionary":1},"minecraft:custom":{"minecraft:interact_with_crafting_table":98,"minecraft:open_barrel":1,"minecraft:eat_cake_slice":7,"minecraft:leave_game":7,"minecraft:time_since_death":230861,"minecraft:sprint_one_cm":803468,"minecraft:damage_blocked_by_shield":830,"minecraft:drop":38,"minecraft:deaths":1,"minecraft:jump":3525,"minecraft:walk_on_water_one_cm":94515,"minecraft:enchant_item":3,"minecraft:interact_with_furnace":31,"minecraft:play_one_minute":356553,"minecraft:sleep_in_bed":11,"minecraft:damage_dealt":17907,"minecraft:crouch_one_cm":43984,"minecraft:interact_with_smoker":5,"minecraft:interact_with_smithing_table":4,"minecraft:mob_kills":121,"minecraft:interact_with_anvil":19,"minecraft:inspect_hopper":1,"minecraft:interact_with_campfire":52,"minecraft:climb_one_cm":29648,"minecraft:walk_one_cm":583497,"minecraft:sneak_time":13136,"minecraft:walk_under_water_one_cm":44530,"minecraft:interact_with_blast_furnace":112,"minecraft:time_since_rest":39372,"minecraft:damage_taken":5642,"minecraft:swim_one_cm":49077,"minecraft:fly_one_cm":403711,"minecraft:open_chest":687,"minecraft:fall_one_cm":71183},"minecraft:picked_up":{"vanillafoodpantry:squidd_raw":1,"quark:cooked_frog_leg":2,"minecraft:anvil":1,"minecraft:smithing_table":2,"minecraft:diamond_sword":1,"minecraft:oak_stairs":1,"minecraft:potion":3,"minecraft:enchanted_book":2,"simplefarming:potato_seeds":1,"byg:crocus":2,"immersiveengineering:nugget_steel":2,"minecraft:string":15,"immersiveengineering:ore_uranium":1,"minecraft:zombie_head":1,"minecraft:experience_bottle":1,"betterdefaultbiomes:swamp_willow_sapling":8,"simplefarming:fruit_log":3,"quark:root_item":7,"minecraft:iron_pickaxe":1,"natural-progression:stone_pebble":23,"minecraft:furnace":3,"minecraft:stick":58,"vanillafoodpantry:rock_salt_crystals":146,"minecraft:torch":16,"minecraft:rotten_flesh":32,"buddycards:card.1.19":1,"buddycards:card.1.11":2,"cavesandcliffs:raw_gold":163,"minecraft:iron_block":1,"minecraft:blue_dye":16,"minecraft:obsidian":14,"minecraft:iron_bars":14,"minecraft:cobblestone":858,"minecraft:enchanting_table":1,"minecraft:magma_block":7,"buildersaddition:shelf_oak":5,"minecraft:cooked_beef":2,"minecraft:magma_cream":4,"minecraft:andesite":4,"byg:willow_planks":15,"ironchest:copper_chest":1,"byg:willow_sapling":3,"minecraft:lapis_lazuli":119,"minecraft:dirt":20,"simplefarming:pasta":32,"cavesandcliffs:glow_ink_sac":1,"minecraft:name_tag":1,"minecraft:bone":11,"tetra:scroll_rolled":1,"minecraft:wheat_seeds":2,"minecraft:glowstone_dust":81,"minecraft:oak_planks":63,"tardis:cinnabar":6,"immersiveengineering:blueprint":2,"minecraft:ghast_tear":1,"cavesandcliffs:copper_ore":4,"minecraft:sand":72,"vanillafoodpantry:bat_poop":2,"spareparts:coins/stone_coin":2,"byg:cika_log":128,"immersiveengineering:ore_silver":12,"quark:cobbled_deepslate":76,"buddycards:card.1.24":1,"minecraft:diamond":82,"buddycards:card.1.13":1,"minecraft:bread":31,"minecraft:golden_horse_armor":1,"minecraft:emerald":5,"minecraft:oak_sapling":17,"minecraft:netherrack":40,"byg:cika_sapling":1,"minecraft:diamond_pickaxe":2,"minecraft:crafting_table":3,"minecraft:coarse_dirt":8,"minecraft:ladder":2,"minecraft:clay_ball":393,"cavesandcliffs:raw_iron":691,"buddycards:card.1.9":1,"immersiveengineering:manual":2,"simplefarming:chili":4,"immersiveengineering:ore_copper":18,"notreepunching:flint_pickaxe":1,"minecraft:blackstone":27,"minecraft:iron_nugget":9,"minecraft:sugar_cane":13,"minecraft:chest":2,"minecraft:phantom_membrane":6,"alexsmobs:straddlite":1,"buildersaddition:bookshelf_oak":1,"minecraft:carrot":4,"minecraft:redstone":124,"minecraft:iron_horse_armor":1,"buddycards:luminis_crystal":41,"minecraft:arrow":23,"buddycards:card.1.22":2,"buddycards:card.1.26":1,"minecraft:saddle":1,"minecraft:gold_ingot":2,"betterdefaultbiomes:swamp_willow_log":87,"bigreactors:yellorite_ore":4,"minecraft:bone_block":15,"byg:rocky_stone":5,"buddycards:card.1.20":1,"minecraft:basalt":161,"terraincognita:small_lilypad":4,"minecraft:yellow_dye":16,"minecraft:leather":37,"natural-progression:andesite_pebble":8,"tardis:xion_crystal":6,"minecraft:oak_log":73,"minecraft:gunpowder":13,"immersiveengineering:treated_wood_horizontal":64,"minecraft:stone_bricks":1,"buddycards:pack.1":4,"minecraft:cobweb":4,"minecraft:glass_bottle":2,"byg:willow_log":104,"minecraft:book":6,"buddycards:card.1.16":1,"cavesandcliffs:cobbled_deepslate":5,"productivebees:sugar_cane_nest":5,"minecraft:pumpkin":3,"minecraft:sweet_berries":5,"minecraft:quartz":55,"cavesandcliffs:pointed_dripstone":2,"minecraft:blast_furnace":7,"minecraft:gold_ore":8,"vanillafoodpantry:oak_acorn":8,"minecraft:spider_eye":3,"minecraft:firework_rocket":2,"minecraft:slime_ball":2,"pamhc2foodcore:toastitem":1,"pneumaticcraft:wheat_flour":1,"vanillafoodpantry:bat_cooked":1,"terraincognita:fiddlehead":1,"buddycards:deep_luminis_crystal":1,"pamhc2foodcore:hotchocolateitem":1,"immersiveengineering:ore_lead":8,"minecraft:damaged_anvil":1,"minecraft:coal":782,"minecraft:hopper":2},"minecraft:crafted":{"betterdefaultbiomes:swamp_willow_planks":84,"minecraft:brick":91,"minecraft:smooth_stone":25,"minecraft:oak_planks":156,"immersiveengineering:hammer":1,"minecraft:cobblestone_slab":6,"alexsmobs:animal_dictionary":1,"minecraft:stone":30,"immersiveengineering:ingot_copper":9,"minecraft:bookshelf":1,"notreepunching:clay_tool":2,"minecraft:hopper":1,"immersiveengineering:ingot_silver":12,"charm:woodcutter":1,"buildersaddition:bookshelf_oak":2,"immersiveengineering:ingot_lead":8,"minecraft:chest":6,"immersiveengineering:treated_wood_horizontal":64,"immersiveengineering:wooden_grip":1,"minecraft:oak_slab":36,"notreepunching:clay_brick":247,"minecraft:crafting_table":2,"notreepunching:iron_mattock":3,"minecraft:iron_helmet":1,"immersiveengineering:cokebrick":54,"minecraft:gold_block":10,"minecraft:iron_chestplate":1,"minecraft:book":4,"mining_helmet:mining_helmet":1,"minecraft:paper":12,"minecraft:diamond_pickaxe":3,"quark:oak_vertical_slab":6,"minecraft:stick":293,"minecraft:iron_ingot":502,"minecraft:iron_pickaxe":4,"minecraft:sandstone":18,"minecraft:gold_ingot":144,"charm:kiln":4,"immersiveengineering:crate":1,"spareparts:plates/fired_clay":59,"minecraft:iron_nugget":9,"akashictome:tome":5,"titanium:iron_gear":1,"minecraft:furnace":34,"minecraft:blast_furnace":8,"pamhc2foodcore:rolleritem":1,"minecraft:bone_meal":72,"minecraft:oak_trapdoor":2,"minecraft:flint_and_steel":1,"byg:willow_planks":92,"minecraft:lantern":1,"buddycards:binder.1":1,"minecraft:ladder":28,"backpacked:backpack":1,"minecraft:coal_block":31,"buildersaddition:shelf_oak":2,"spareparts:plates/raw_clay":59,"ironchest:wood_to_iron_chest_upgrade":2,"minecraft:iron_sword":2,"ironchest:copper_chest":1,"minecraft:bucket":3,"ftbquests:book":1,"minecraft:air":0,"ironchest:iron_to_gold_chest_upgrade":2,"minecraft:white_wool":3,"natural-progression:improved_saw":1,"immersiveengineering:plate_iron":53,"minecraft:white_bed":1,"minecraft:torch":320,"minecraft:clay":47},"minecraft:broken":{"minecraft:iron_shovel":1,"quark:forgotten_hat":1,"natural-progression:bone_knife":1,"notreepunching:flint_pickaxe":1,"minecraft:iron_pickaxe":2,"notreepunching:iron_mattock":1},"minecraft:killed":{"minecraft:cave_spider":3,"minecraft:witch":4,"minecraft:spider":6,"minecraft:skeleton":20,"alexsmobs:straddler":11,"minecraft:magma_cube":19,"cavesandcliffs:glow_squid":1,"minecraft:zombie_villager":2,"alexsmobs:stradpole":5,"minecraft:creeper":3,"minecraft:zombie":36,"quark:toretoise":1,"alexsmobs:tasmanian_devil":1},"minecraft:mined":{"minecraft:obsidian":15,"vanillafoodpantry:natron_ore":1,"minecraft:grass_block":8,"betterdefaultbiomes:swamp_willow_log":87,"byg:willow_log":104,"tardis:cinnabar_ore":4,"minecraft:hopper":2,"byg:winter_succulent":1,"ironchest:copper_chest":1,"minecraft:chiseled_stone_bricks":1,"minecraft:spawner":2,"minecraft:magma_block":7,"tardis:xion_crystal":2,"minecraft:glowstone":22,"minecraft:iron_ore":447,"minecraft:fire":5,"bigreactors:yellorite_ore":5,"buildersaddition:bookshelf_oak":1,"minecraft:pumpkin":2,"minecraft:anvil":1,"minecraft:enchanting_table":1,"natural-progression:twigs":10,"buildersaddition:shelf_oak":5,"minecraft:oak_stairs":1,"minecraft:iron_bars":2,"cavesandcliffs:deepslate_iron_ore":145,"immersiveengineering:ore_lead":8,"minecraft:blackstone":26,"minecraft:clay":95,"minecraft:torch":2,"minecraft:blast_furnace":7,"quark:stone_speleothem":2,"minecraft:chest":1,"natural-progression:stone_pebble":1,"byg:cika_log":128,"minecraft:nether_quartz_ore":26,"minecraft:cobblestone":14,"minecraft:sugar_cane":12,"minecraft:oak_planks":2,"minecraft:damaged_anvil":1,"minecraft:wall_torch":3,"minecraft:seagrass":1,"cavesandcliffs:deepslate_emerald_ore":2,"cavesandcliffs:deepslate_diamond_ore":22,"cavesandcliffs:copper_ore":4,"minecraft:grass":1,"minecraft:oak_log":73,"cavesandcliffs:deepslate_redstone_ore":4,"minecraft:sand":72,"minecraft:dirt":77,"cavesandcliffs:deepslate":13,"minecraft:netherrack":45,"minecraft:oak_leaves":6,"cavesandcliffs:pointed_dripstone":1,"minecraft:nether_gold_ore":1,"minecraft:diamond_ore":60,"immersiveengineering:ore_copper":15,"cavesandcliffs:deepslate_gold_ore":74,"byg:willow_planks":1,"quark:cobbled_deepslate":3,"minecraft:ladder":2,"betterdefaultbiomes:short_grass":6,"vanillafoodpantry:rock_salt_ore":26,"immersiveengineering:ore_silver":12,"randomite:randomite_ore":4,"minecraft:redstone_ore":36,"minecraft:furnace":3,"minecraft:andesite":1,"minecraft:bookshelf":2,"minecraft:vine":1,"productivebees:sugar_cane_nest":1,"byg:rocky_stone":5,"minecraft:stone":866,"byg:willow_sapling":1,"buddycards:luminis_ore":41,"minecraft:smithing_table":1,"minecraft:basalt":145,"byg:wilted_grass":3,"minecraft:crafting_table":3,"betterdefaultbiomes:swamp_willow_leaves":65,"minecraft:lapis_ore":13,"betterdefaultbiomes:dead_grass":4,"minecraft:coarse_dirt":8,"cavesandcliffs:deepslate_coal_ore":87,"quark:shallow_dirt":1,"minecraft:sweet_berry_bush":2,"immersiveengineering:ore_uranium":1,"byg:short_grass":3,"quark:deepslate":81,"minecraft:coal_ore":519,"quark:monster_box":4,"minecraft:gold_ore":83,"minecraft:fern":3,"quark:root":2}},"DataVersion":2586}