{"stats":{"minecraft:dropped":{"minecraft:enchanted_book":1,"minecraft:bread":31,"minecraft:iron_sword":1,"notreepunching:flint_knife":1,"simplefarming:barley_bread":1,"minecraft:lapis_lazuli":28,"minecraft:cobblestone":38,"terraincognita:fiddlehead":7,"vanillafoodpantry:oak_acorn":2,"pamhc2foodcore:pumpkinbreaditem":1,"minecraft:coal":64,"minecraft:iron_block":1,"minecraft:dirt":2,"minecraft:blue_dye":32,"minecraft:yellow_dye":16,"minecraft:potion":1,"byg:cika_planks":40,"byg:willow_log":1,"spareparts:coins/stone_coin":1,"minecraft:sweet_berries":6,"minecraft:iron_nugget":1,"pamhc2foodcore:hotchocolateitem":1,"minecraft:rotten_flesh":2,"quark:cooked_frog_leg":2,"simplefarming:mango":7,"vanillafoodpantry:squidd_cooked":1,"minecraft:diamond_sword":2,"immersiveengineering:treated_wood_horizontal":64,"waterstrainer:worm_bin":1,"minecraft:diamond_pickaxe":4,"minecraft:chest":4,"minecraft:iron_bars":28,"notreepunching:flint_shard":4,"natural-progression:bone_knife":2},"minecraft:killed_by":{"alexsmobs:straddler":2,"minecraft:magma_cube":1,"minecraft:zombie":1},"minecraft:used":{"byg:cika_fence":1,"minecraft:iron_shovel":250,"engineersdecor:treated_wood_broad_windowsill":1,"byg:cika_log":9,"minecraft:chest":5,"minecraft:iron_sword":7,"minecraft:rotten_flesh":3,"minecraft:netherrack":12,"minecraft:torch":8,"immersiveengineering:craftingtable":1,"minecraft:dirt":559,"engineersdecor:metal_crafting_table":1,"simplefarming:blueberries":2,"immersiveengineering:cokebrick":27,"simplefarming:raspberries":33,"notreepunching:flint_hoe":27,"minecraft:bookshelf":3,"immersiveengineering:workbench":1,"simplefarming:pasta":2,"waterstrainer:worm_bin":2,"minecraft:basalt":37,"minecraft:sweet_berries":89,"minecraft:oak_sapling":2,"minecraft:cooked_beef":3,"terraincognita:small_lilypad":2,"betterdefaultbiomes:yellow_mushroom":1,"natural-progression:andesite_pebble":4,"natural-progression:stone_pebble":3,"waterstrainer:strainer_base":1,"minecraft:wheat_seeds":20,"minecraft:cooked_mutton":2,"natural-progression:bone_knife":152,"minecraft:blackstone":6,"notreepunching:flint_knife":170,"ironchest:wood_to_copper_chest_upgrade":1,"minecraft:cookie":1,"terraincognita:fiddlehead":29,"minecraft:sand":2,"simplefarming:barley_bread":5,"simplefarming:peanut_butter_cookie":1,"notreepunching:iron_mattock":1,"minecraft:diamond_pickaxe":230,"notreepunching:flint_axe":139,"minecraft:apple":1,"immersiveengineering:hammer":1,"minecraft:acacia_sign":1,"minecraft:iron_pickaxe":151,"minecraft:bread":2,"minecraft:gravel":9,"minecraft:diamond_sword":3,"minecraft:cobblestone":12},"minecraft:custom":{"minecraft:interact_with_anvil":1,"minecraft:mob_kills":11,"minecraft:interact_with_crafting_table":40,"minecraft:interact_with_campfire":36,"minecraft:leave_game":6,"minecraft:time_since_death":4092,"minecraft:climb_one_cm":10723,"minecraft:sprint_one_cm":371588,"minecraft:walk_one_cm":585047,"minecraft:drop":85,"minecraft:deaths":7,"minecraft:sneak_time":11920,"minecraft:walk_under_water_one_cm":48398,"minecraft:jump":2273,"minecraft:walk_on_water_one_cm":62552,"minecraft:enchant_item":7,"minecraft:interact_with_furnace":5,"minecraft:play_one_minute":277460,"minecraft:sleep_in_bed":4,"minecraft:damage_absorbed":234,"minecraft:time_since_rest":1296,"minecraft:damage_taken":4890,"minecraft:damage_dealt":2063,"minecraft:swim_one_cm":5029,"minecraft:fly_one_cm":260038,"minecraft:crouch_one_cm":35462,"minecraft:open_chest":360,"minecraft:fall_one_cm":68986},"minecraft:picked_up":{"terraincognita:dwarf_fireweed":3,"simplefarming:pea_seeds":1,"minecraft:coarse_dirt":5,"vanillafoodpantry:squidd_raw":2,"minecraft:diamond_sword":1,"minecraft:potion":1,"betterdefaultbiomes:starfish_white":1,"minecraft:enchanted_book":6,"simplefarming:potato_seeds":1,"betterdefaultbiomes:white_mushroom":2,"minecraft:brick":4,"byg:crocus":5,"immersiveengineering:nugget_steel":1,"simplefarming:mango":7,"immersiveengineering:manual":1,"simplefarming:chili":5,"minecraft:string":1,"immersiveengineering:ore_copper":8,"byg:winter_succulent":16,"minecraft:beetroot_soup":1,"terraincognita:white_rhododendron":1,"minecraft:blackstone":40,"minecraft:blue_orchid":2,"betterdefaultbiomes:swamp_willow_sapling":2,"minecraft:gold_nugget":16,"minecraft:bucket":1,"betterdefaultbiomes:yellow_mushroom":7,"minecraft:red_dye":16,"minecraft:iron_nugget":4,"immersiveengineering:treated_fence":2,"notreepunching:plant_fiber":9,"minecraft:iron_pickaxe":2,"simplefarming:barley_seeds":1,"natural-progression:stone_pebble":46,"notreepunching:flint_shard":18,"vanillafoodpantry:red_flint":1,"minecraft:stick":40,"byg:reeds":1,"simplefarming:cantaloupe_seeds":1,"minecraft:torch":4,"notreepunching:iron_mattock":1,"natural-progression:bone_knife":1,"pamhc2foodcore:pumpkinbreaditem":1,"simplefarming:raspberries":22,"minecraft:cake":1,"simplefarming:carrot_seeds":1,"byg:cattail":8,"minecraft:brown_dye":16,"betterdefaultbiomes:blue_poppy":1,"minecraft:arrow":1,"minecraft:rotten_flesh":8,"minecraft:blue_dye":16,"simplefarming:ginger_seeds":1,"waterstrainer:worm_bin":2,"terraincognita:forget_me_not":11,"minecraft:iron_bars":14,"betterdefaultbiomes:starfish_pink":1,"minecraft:cobblestone":153,"waterstrainer:worm":1,"vanillafoodpantry:squidd_cooked":2,"minecraft:enchanting_table":1,"minecraft:basalt":224,"minecraft:cooked_beef":13,"terraincognita:small_lilypad":180,"natural-progression:andesite_pebble":7,"terraincognita:cattail":13,"minecraft:oak_log":5,"minecraft:lily_pad":68,"byg:purple_orchid":1,"pamhc2foodcore:basicfishsandwichitem":4,"byg:white_anemone":1,"immersiveengineering:treated_wood_horizontal":64,"minecraft:lapis_lazuli":8,"minecraft:dirt":609,"minecraft:paper":10,"simplefarming:pasta":14,"betterdefaultbiomes:gray_mushroom":4,"minecraft:cooked_mutton":20,"simplefarming:cucumber_seeds":1,"minecraft:bone":2,"immersiveengineering:cokebrick":27,"minecraft:kelp":19,"minecraft:wheat_seeds":61,"simplefarming:kenaf_seeds":1,"terraincognita:reeds":1,"simplefarming:honeydew_seeds":1,"minecraft:iron_ingot":28,"betterdefaultbiomes:tall_water_reeds":13,"simplefarming:tomato_seeds":1,"natural-progression:netherrack_pebble":1,"betterdefaultbiomes:dark_violet":1,"byg:willow_log":21,"minecraft:iron_sword":2,"ironchest:wood_to_copper_chest_upgrade":1,"minecraft:book":3,"terraincognita:berry_sorbet":1,"cavesandcliffs:copper_ore":9,"simplefarming:peanut_seeds":1,"simplefarming:rice_seeds":1,"simplefarming:corn_seeds":1,"byg:peach_leather_flower":13,"minecraft:pumpkin":35,"fins:flatback_sucker":1,"betterdefaultbiomes:seashell":1,"minecraft:sweet_berries":118,"patchouli:guide_book":1,"simplefarming:blueberries":7,"minecraft:gravel":34,"minecraft:sand":220,"natural-progression:sandstone_pebble":3,"minecraft:ink_sac":1,"byg:cika_log":93,"betterdefaultbiomes:starfish_magenta":1,"vanillafoodpantry:oak_acorn":10,"byg:pink_orchid":1,"notreepunching:flint_knife":1,"minecraft:pumpkin_seeds":2,"simplefarming:sweet_potato_seeds":2,"immersiveengineering:seed":17,"pamhc2foodcore:toastitem":1,"terraincognita:fiddlehead":24,"minecraft:bone_meal":33,"byg:violet_leather_flower":3,"minecraft:cyan_dye":16,"aquaculture:box":1,"minecraft:damaged_anvil":1,"minecraft:oak_sapling":8,"minecraft:netherrack":35,"minecraft:melon_seeds":1,"minecraft:bricks":12,"immersiveengineering:hammer":1,"minecraft:coal":33,"minecraft:diamond_pickaxe":5},"minecraft:crafted":{"solpotato:lunchbag":1,"notreepunching:flint_hoe":1,"minecraft:bone_meal":3,"minecraft:bookshelf":3,"immersiveengineering:workbench":1,"minecraft:iron_bars":16,"waterstrainer:strainer_survivalist":1,"minecraft:hopper":1,"waterstrainer:worm_bin":1,"minecraft:iron_boots":1,"waterstrainer:string_mesh":1,"engineersdecor:metal_crafting_table":1,"minecraft:chest":9,"immersiveengineering:treated_fence":3,"notreepunching:flint_knife":3,"solpotato:food_book":1,"minecraft:oak_slab":6,"byg:cika_fence":6,"minecraft:diamond_sword":2,"minecraft:crafting_table":3,"minecraft:iron_helmet":1,"immersiveengineering:slab_treated_wood_horizontal":12,"minecraft:bread":64,"waterstrainer:strainer_base":1,"byg:cika_planks":70,"minecraft:iron_chestplate":1,"minecraft:acacia_sign":3,"minecraft:iron_shovel":5,"minecraft:iron_leggings":1,"immersiveengineering:stick_treated":10,"immersiveengineering:plate_iron":36,"notreepunching:flint_axe":5,"immersiveengineering:slab_treated_wood_vertical":12,"minecraft:composter":3,"notreepunching:plant_string":1,"immersiveengineering:craftingtable":2},"minecraft:killed":{"minecraft:skeleton":1,"alexsmobs:stradpole":3,"minecraft:squid":1,"minecraft:zombie":3},"minecraft:broken":{"minecraft:iron_shovel":1,"notreepunching:flint_knife":2,"notreepunching:flint_axe":3},"minecraft:mined":{"minecraft:nether_gold_ore":5,"immersiveengineering:ore_copper":8,"terraincognita:dwarf_fireweed":2,"terraincognita:caribou_moss":1,"minecraft:dark_oak_leaves":1,"byg:cattail":8,"terraincognita:forget_me_not":11,"minecraft:grass_block":288,"betterdefaultbiomes:yellow_mushroom":7,"byg:willow_log":20,"betterdefaultbiomes:short_grass":64,"minecraft:kelp":2,"byg:winter_succulent":15,"byg:peach_leather_flower":13,"minecraft:tall_seagrass":4,"natural-progression:andesite_pebble":3,"byg:crocus":7,"terraincognita:white_rhododendron":1,"minecraft:pumpkin":38,"minecraft:enchanting_table":1,"natural-progression:twigs":1,"minecraft:bookshelf":1,"byg:white_anemone":1,"minecraft:stone":9,"minecraft:blue_orchid":2,"byg:purple_orchid":1,"waterstrainer:worm_bin":1,"minecraft:podzol":2,"betterdefaultbiomes:tall_water_reeds":14,"betterdefaultbiomes:gray_mushroom":4,"byg:reeds":1,"minecraft:blackstone":47,"betterdefaultbiomes:white_mushroom":2,"minecraft:kelp_plant":11,"betterdefaultbiomes:seashell":1,"minecraft:basalt":238,"byg:wilted_grass":75,"minecraft:torch":4,"betterdefaultbiomes:starfish_magenta":1,"betterdefaultbiomes:swamp_willow_leaves":7,"natural-progression:stone_pebble":7,"byg:cika_log":99,"minecraft:tall_grass":24,"minecraft:cobblestone":1,"minecraft:damaged_anvil":1,"betterdefaultbiomes:swamp_willow_sapling":1,"minecraft:lily_pad":49,"betterdefaultbiomes:blue_poppy":1,"natural-progression:sandstone_pebble":1,"minecraft:seagrass":14,"betterdefaultbiomes:dead_grass":29,"terraincognita:hanging_moss":1,"minecraft:coarse_dirt":4,"quark:shallow_dirt":8,"terraincognita:cattail":11,"minecraft:sweet_berry_bush":28,"terraincognita:small_lilypad":59,"byg:violet_leather_flower":3,"minecraft:wheat":1,"byg:short_grass":70,"cavesandcliffs:copper_ore":9,"byg:cika_leaves":8,"minecraft:grass":128,"betterdefaultbiomes:feather_reed_grass":2,"minecraft:coal_ore":24,"minecraft:oak_log":5,"minecraft:gravel":21,"minecraft:sand":220,"minecraft:dirt":214,"byg:pink_orchid":1,"minecraft:netherrack":36,"minecraft:oak_leaves":3,"minecraft:fern":88}},"DataVersion":2586}