{"stats":{"minecraft:dropped":{"minecraft:wheat_seeds":30,"minecraft:cooked_beef":2,"notreepunching:macuahuitl":1,"simplefarming:pasta":32,"immersiveengineering:blueprint":1,"productivebees:sugar_cane_nest":1,"byg:white_anemone":4,"natural-progression:stone_pebble":5,"minecraft:leather":6,"minecraft:honeycomb":1,"byg:winter_succulent":3,"minecraft:stick":106,"minecraft:flint":4,"terraincognita:dwarf_fireweed":2,"betterdefaultbiomes:tall_water_reeds":1,"byg:cika_planks":12,"minecraft:iron_shovel":1,"ftbquests:book":1,"simplefarming:squash_seeds":1,"minecraft:coarse_dirt":8,"simplefarming:mango":2,"terraincognita:white_rhododendron":2,"terraincognita:small_lilypad":4,"byg:crocus":1,"quark:forgotten_hat":1,"minecraft:slime_ball":4,"notreepunching:flint_shard":6,"immersiveengineering:seed":2,"simplefarming:fruit_log":3},"minecraft:killed_by":{"minecraft:creeper":1,"alexsmobs:crocodile":1,"minecraft:phantom":1,"minecraft:zombie":1},"minecraft:used":{"minecraft:iron_shovel":170,"minecraft:chest":7,"minecraft:shield":1,"minecraft:rotten_flesh":26,"minecraft:torch":21,"minecraft:dirt":119,"carryon:tile_item":52,"byg:cika_door":9,"minecraft:cooked_beef":1,"natural-progression:stone_pebble":1,"minecraft:brown_bed":2,"minecraft:cooked_mutton":2,"notreepunching:macuahuitl":214,"natural-progression:bone_knife":234,"minecraft:oak_planks":5,"minecraft:baked_potato":3,"notreepunching:flint_knife":114,"terraincognita:fiddlehead":2,"minecraft:sand":3,"minecraft:red_bed":2,"minecraft:crafting_table":3,"notreepunching:flint_axe":56,"minecraft:apple":2,"minecraft:cobblestone":1,"natural-progression:granite_pebble":1,"minecraft:cooked_porkchop":2,"minecraft:glass_pane":48,"byg:cika_planks":432,"minecraft:coarse_dirt":2},"minecraft:custom":{"minecraft:mob_kills":28,"minecraft:inspect_hopper":1,"minecraft:interact_with_crafting_table":348,"minecraft:interact_with_campfire":4,"minecraft:bell_ring":9,"minecraft:eat_cake_slice":9,"minecraft:leave_game":5,"minecraft:time_since_death":85754,"minecraft:climb_one_cm":9905,"minecraft:sprint_one_cm":338977,"minecraft:walk_one_cm":699490,"minecraft:damage_blocked_by_shield":10,"minecraft:drop":77,"minecraft:talked_to_villager":31,"minecraft:deaths":4,"minecraft:sneak_time":5635,"minecraft:walk_under_water_one_cm":57350,"minecraft:jump":2552,"minecraft:interact_with_blast_furnace":11,"minecraft:walk_on_water_one_cm":82485,"minecraft:interact_with_furnace":13,"minecraft:traded_with_villager":3,"minecraft:play_one_minute":283794,"minecraft:interact_with_loom":2,"minecraft:sleep_in_bed":5,"minecraft:time_since_rest":89,"minecraft:waystone_activated":1,"minecraft:damage_taken":3216,"minecraft:damage_dealt":4767,"minecraft:swim_one_cm":46695,"minecraft:fly_one_cm":277595,"minecraft:open_chest":292,"minecraft:crouch_one_cm":26147,"minecraft:interact_with_smoker":3,"minecraft:fall_one_cm":42254},"minecraft:picked_up":{"terraincognita:dwarf_fireweed":3,"minecraft:crafting_table":1,"minecraft:coarse_dirt":10,"minecraft:wheat":9,"productivebees:slimy_nest":2,"minecraft:clay_ball":4,"minecraft:brown_bed":2,"minecraft:enchanted_book":5,"byg:wood_blewit":2,"terraincognita:apple_sapling":3,"simplefarming:chili":5,"immersiveengineering:manual":1,"byg:cika_door":1,"immersiveengineering:nugget_steel":2,"byg:crocus":21,"simplefarming:zucchini_seeds":2,"simplefarming:mango":2,"minecraft:red_bed":2,"byg:winter_succulent":3,"minecraft:beetroot_soup":1,"minecraft:item_frame":1,"terraincognita:white_rhododendron":2,"minecraft:gold_nugget":31,"minecraft:bucket":1,"simplefarming:fruit_log":3,"minecraft:beef":5,"minecraft:red_dye":16,"minecraft:iron_nugget":1,"minecraft:iron_pickaxe":1,"notreepunching:plant_fiber":4,"minecraft:sugar_cane":3,"minecraft:chest":5,"simplefarming:raw_bacon":1,"natural-progression:stone_pebble":64,"notreepunching:flint_axe":1,"notreepunching:flint_shard":45,"vanillafoodpantry:red_flint":3,"minecraft:stick":81,"minecraft:torch":3,"minecraft:bowl":1,"quark:jungle_chest":2,"pamhc2foodcore:pumpkinbreaditem":2,"minecraft:porkchop":4,"simplefarming:raspberries":32,"minecraft:cake":3,"minecraft:carrot":2,"minecraft:redstone":1,"byg:cattail":1,"alexsmobs:crocodile_scute":3,"simplefarming:eggplant_seeds":1,"betterdefaultbiomes:blue_poppy":1,"joshxmas:peppermint_seeds":1,"betterdefaultbiomes:purple_verbena":4,"minecraft:arrow":10,"minecraft:rotten_flesh":16,"minecraft:beetroot_seeds":1,"minecraft:hay_block":76,"natural-progression:granite_pebble":1,"minecraft:mutton":10,"minecraft:cobblestone":1,"minecraft:cooked_beef":6,"simplefarming:soybean_seeds":1,"spareparts:coins/wooden_coin":1,"minecraft:leather":11,"terraincognita:small_lilypad":6,"minecraft:lily_pad":1,"natural-progression:andesite_pebble":14,"minecraft:flint":6,"alexsmobs:crocodile_chestplate":1,"terraincognita:cattail":13,"pamhc2foodcore:basicfishsandwichitem":4,"byg:white_anemone":5,"minecraft:gunpowder":1,"minecraft:lapis_lazuli":5,"minecraft:paper":7,"minecraft:dirt":106,"vanillafoodpantry:hocks_raw":2,"minecraft:cooked_mutton":6,"simplefarming:cucumber_seeds":1,"minecraft:bone":10,"minecraft:apple":2,"simplefarming:candy":1,"minecraft:wheat_seeds":97,"simplefarming:lettuce_seeds":1,"terraincognita:reeds":1,"ftbquests:book":1,"quark:tallow":3,"betterdefaultbiomes:tall_water_reeds":2,"minecraft:tall_grass":5,"minecraft:honeycomb":1,"immersiveengineering:blueprint":1,"terraincognita:berry_sorbet":1,"minecraft:book":1,"simplefarming:rice_seeds":1,"productivebees:sugar_cane_nest":1,"minecraft:cooked_porkchop":4,"minecraft:pumpkin":2,"minecraft:sweet_berries":2,"patchouli:guide_book":1,"vanillafoodpantry:kebab_meat_raw":1,"minecraft:gravel":39,"minecraft:sand":161,"natural-progression:sandstone_pebble":1,"spareparts:coins/stone_coin":5,"simplefarming:squash_seeds":2,"byg:cika_planks":74,"byg:cika_log":79,"vanillafoodpantry:oak_acorn":1,"notreepunching:macuahuitl":1,"minecraft:firework_rocket":5,"minecraft:lime_dye":16,"minecraft:pumpkin_seeds":1,"minecraft:slime_ball":8,"immersiveengineering:seed":10,"pamhc2foodcore:toastitem":1,"terraincognita:fiddlehead":16,"byg:violet_leather_flower":1,"aquaculture:box":1,"minecraft:cyan_dye":16,"minecraft:emerald":1,"pamhc2foodcore:hotchocolateitem":1,"minecraft:oak_sapling":1,"minecraft:bricks":12},"minecraft:crafted":{"simplefarming:pasta":64,"byg:cika_door":12,"immersiveengineering:hammer":4,"simplefarming:noodles":192,"notreepunching:plant_fiber":11,"minecraft:glass_pane":128,"minecraft:glass":48,"natural-progression:basic_saw":1,"minecraft:chest":2,"immersiveengineering:wooden_grip":6,"notreepunching:flint_knife":3,"minecraft:wheat":693,"notreepunching:fire_starter":1,"minecraft:emerald":2,"minecraft:crafting_table":1,"notreepunching:macuahuitl":5,"minecraft:air":0,"byg:cika_planks":512,"minecraft:stick":96,"minecraft:iron_ingot":46,"natural-progression:improved_saw":5,"minecraft:iron_shovel":1,"immersiveengineering:plate_iron":1,"notreepunching:flint_axe":1,"notreepunching:plant_string":3,"minecraft:honeycomb":1},"minecraft:killed":{"alexsmobs:raccoon":1,"minecraft:spider":2,"minecraft:slime":3,"minecraft:skeleton":3,"minecraft:drowned":2,"minecraft:pig":1,"minecraft:pillager":1,"minecraft:zombie":8,"alexsmobs:crocodile":1},"minecraft:broken":{"notreepunching:flint_knife":1,"notreepunching:macuahuitl":5,"notreepunching:flint_axe":1,"natural-progression:bone_knife":1},"minecraft:mined":{"terraincognita:dwarf_fireweed":2,"byg:cika_planks":7,"byg:cattail":2,"minecraft:grass_block":34,"productivebees:slimy_nest":2,"betterdefaultbiomes:short_grass":37,"byg:winter_succulent":2,"terraincognita:blossoming_apple_leaves":26,"minecraft:hay_block":79,"byg:crocus":12,"minecraft:carrots":3,"terraincognita:white_rhododendron":2,"byg:cika_door":1,"minecraft:pumpkin":1,"minecraft:brown_bed":2,"natural-progression:twigs":1,"byg:white_anemone":4,"simplefarming:fruit_log":3,"betterdefaultbiomes:tall_water_reeds":3,"minecraft:glass_pane":1,"minecraft:red_bed":2,"terraincognita:apple_leaves":20,"byg:wilted_grass":3,"minecraft:crafting_table":1,"minecraft:torch":1,"minecraft:chest":1,"byg:cika_log":10,"minecraft:tall_grass":12,"minecraft:lily_pad":1,"minecraft:sugar_cane":1,"minecraft:wall_torch":2,"minecraft:seagrass":2,"betterdefaultbiomes:dead_grass":12,"minecraft:coarse_dirt":1,"minecraft:wheat":11,"terraincognita:small_lilypad":2,"minecraft:sweet_berry_bush":5,"byg:short_grass":63,"minecraft:grass_path":1,"betterdefaultbiomes:purple_verbena":4,"minecraft:grass":80,"betterdefaultbiomes:feather_reed_grass":3,"minecraft:gravel":48,"minecraft:sand":163,"minecraft:dirt":13,"minecraft:oak_leaves":15,"minecraft:fern":84}},"DataVersion":2586}